"produto","nm_estoque","qtd_unid_consumo"
AGUA OXIGENADA 10 VOL 1000ML,PRINCIPAL,23846.000000000000000
"SOL. FISIOLÓGICA 0,9% 500ML C/ GOTEJADOR",PRINCIPAL,496.270000000000000
HALOPERIDOL 5MG/ML (1ML),BLOCO CIRURGICO,2.000000000000000
ANESTÉSICO OCULAR - PROXIMETACAINA 5MG/ML (5ML - 160GTS),PRINCIPAL,583.000000000000000
LORATADINA 10MG ,PRINCIPAL,263.000000000000000
DROPROPIZINA 3MG/ML (120ML),PRINCIPAL,21.000000000000000
"ONDANSETRONA, CLORID. DE, 8MG (2MG/ML - 4ML)",PRINCIPAL,530.000000000000000
ACETILCISTEÍNA 40MG/ML (120ML),POSTO 2,1233.000000000000000
GLICOSE 50% (10ML),PRINCIPAL,282.000000000000000
"CLOREXIDINA 0,2% SOL AQUOSA 100ML ",ENDOSCOPIA / COLONOSCOPIA,1.000000000000000
"CODEINA, FOSF. DE, 3MG/ML (120ML) N",POSTO 1,1.000000000000000
AGUA PARA INJECAO 10ML,POSTO 1,37.000000000000000
XYLESTESIN 1% (10MG/ML - 20ML) S/V,BLOCO CIRURGICO,29.000000000000000
SOL. GLICOSADA 5% 100ML,PRINCIPAL,81.900000000000000
LOPIGREL  75  MG  COM  28  COMPR,PRINCIPAL,24.000000000000000
"CLINDAMICINA, FOSFATO DE, 150MG/ML (4ML)",PRINCIPAL,315.000000000000000
"EFEDRINA, SULFATO DE, 50MG/ML (1ML)",POSTO 2,1.000000000000000
"HEPARINA SÓDICA 5000UI/0,25ML (SC)",BLOCO CIRURGICO,3.000000000000000
AGUA PARA INJECAO 10ML,MALETA DE TRANSPORTE 02,6.000000000000000
"POLIMIXINA B, SULFATO DE, 500.000UI",PRINCIPAL,1.000000000000000
"DIPIRONA SÓDICA, 500MG/ML (10ML - 200GTS) ",POSTO 3,8.000000000000000
TOBRACORT (5ML - 150GTS),PRINCIPAL,646.000000000000000
"DESLANOSÍDEO 0,2MG/ML (2ML)",CARRO DE EMERGENCIA POSTO 01,2.000000000000000
"SOL. FISIOLOGICA 0,9% 250ML",POSTO 2,1.000000000000000
RIVAROXABANA 20MG,PRINCIPAL,101.000000000000000
CEFTRIAXONA SÓDICA 1000MG - IM,PRINCIPAL,48.000000000000000
"FITOMENADIONA 10MG/ML (1ML), VITAMINA K",CARRO DE EMERGENCIA POSTO 03,2.000000000000000
"SALBUTAMOL, SULFATO DE, 5MG/ML (10ML - 200GTS)",POSTO 3,16.000000000000000
FLEET ENEMA 130ML,PRINCIPAL,93.500000000000000
TINTURA DE BENJOIM,SALA DE SUTURAS,0.500000000000000
"FENTANILA, CITRATO DE, 0,05MG/ML (2ML)",CARRO DE EMERGENCIA POSTO 03,2.000000000000000
ACETILCISTEÍNA 40MG/ML (120ML),POSTO 3,1111.000000000000000
FENITOÍNA SÓDICA 5% (50MG/ML - 5ML),CARRO DE EMERGENCIA POSTO 03,5.000000000000000
HIDROXIDO DE ALUMINIO 6% (240ML),PRINCIPAL,12.000000000000000
ACEBROFILINA 10MG/ML (120ML),PRINCIPAL,6359.000000000000000
"DESLANOSÍDEO 0,2MG/ML (2ML)",EMERGENCIA,2.000000000000000
CARBAMAZEPINA 200MG,PRINCIPAL,66.000000000000000
HIDROXIDO DE ALUMINIO 6% (100ML),POSTO 1,300.000000000000000
OMEPRAZOL SÓDICO 40MG + DILUENTE,POSTO 1,10.000000000000000
"METILERGOMETRINA, MALEATO DE, 0,2MG/ML (1ML)",EMERGENCIA,2.000000000000000
"COLAGENASE 0,6U/G + CLORANFENICOL 0,01G/G (30G)",SALA DE SUTURAS,0.800000000000000
ALCOOL 70% 100ML,EMERGENCIA,468.500000000000000
"EPINEFRINA, HEMITART. DE, 1MG/ML (1ML)",MALETA DE TRANSPORTE 02,4.000000000000000
"EPINEFRINA, HEMITART. DE, 1MG/ML (1ML)",CARRO DE EMERGENCIA POSTO 03,19.000000000000000
"METARAMINOL, HEMITART. DE, 10MG/ML (1ML)",PRINCIPAL,44.000000000000000
SOL. GLICOFISIOLOGICA 500ML,POSTO 3,1.000000000000000
AMPICILINA 1000MG,PRINCIPAL,172.000000000000000
"METOPROLOL, SUCCIN. DE, 25MG",PRINCIPAL,207.000000000000000
"PROMETAZINA, CLORID. DE, 25MG/ML (2ML)",BLOCO CIRURGICO,24.000000000000000
"SOL. FISIOLOGICA 0,9% 500ML",CARRO DE EMERGENCIA POSTO 03,1.000000000000000
SOL. GLICOSADA 5% 1000ML,CARRO DE EMERGENCIA POSTO 02,1.000000000000000
METILDOPA 250MG,PRINCIPAL,30.000000000000000
XYLESTESIN 1% (10MG/ML - 20ML) S/V,POSTO 2,1.000000000000000
"CLOREXIDINA 0,2% SOL AQUOSA 100ML ",EMERGENCIA,249.800000000000000
"METOPROLOL, TARTARATO DE, 1MG/ML (5ML)",PRINCIPAL,512.000000000000000
SOL. GLICOFISIOLOGICA 500ML,CARRO DE EMERGENCIA POSTO 03,1.000000000000000
FUROSEMIDA 10MG/ML (2ML),POSTO 1,8.000000000000000
NIFEDIPINO 10MG,PRINCIPAL,25.000000000000000
"LIDOCAÍNA, CLORID. DE, 1% (10MG/ML - 20ML) S/V, NÃO ESTÉRIL",PRINCIPAL,915.270000000000000
"PREDNISOLONA, FOSF. SÓD. DE, 3MG/ML (100ML)",PRINCIPAL,1631.000000000000000
MONTELUCASTE DE SÓDIO 10MG,PRINCIPAL,182.000000000000000
"SUXAMETÔNIO, CLORETO DE, 100MG ",CARRO DE EMERGENCIA POSTO 01,1.000000000000000
"METOCLOPRAMIDA, CLORID. DE, 5MG/ML (2ML)",CARRO DE EMERGENCIA POSTO 01,2.000000000000000
AMOXICILINA SÓD. + CLAVULANATO DE POTASSIO - 1000MG + 200MG,PRINCIPAL,343.000000000000000
PROPOFOL 1% (10MG/ML - 20ML),BLOCO CIRURGICO,42.000000000000000
HALOPERIDOL 5MG/ML (1ML),CARRO DE EMERGENCIA POSTO 03,4.000000000000000
"FENTANILA, CITRATO DE, 0,05MG/ML (2ML)",POSTO 2,2.000000000000000
"SOL. FISIOLOGICA 0,9% 1000ML",CARRO DE EMERGENCIA POSTO 02,1.000000000000000
OLEO MINERAL (120ML),POSTO 2,13.000000000000000
CAPTOPRIL 25MG,CARRO DE EMERGENCIA POSTO 03,4.000000000000000
"SOL. FISIOLOGICA 0,9% 500ML",MALETA DE TRANSPORTE 01,1.000000000000000
"DOPAMINA, CLORID. DE., 5MG/ML (10ML)",CARRO DE EMERGENCIA POSTO 01,5.000000000000000
ACIDO TRANEXAMICO 50MG/ML (5ML),BLOCO CIRURGICO,120.000000000000000
"METILPREDNISOLONA, SUCCIN. DE, 500MG EV",PRINCIPAL,29.000000000000000
"LIDOCAÍNA, CLORID. DE, 2% (20MG/G - 30G) GELÉIA",CARRO DE EMERGENCIA POSTO 02,2.000000000000000
"SOL. FISIOLÓGICA 0,9% 100ML COM GOTEJADOR",POSTO 3,266.000000000000000
"NEOSTIGMINA, METILSULFATO DE, 0,5MG/ML (1ML)",PRINCIPAL,177.000000000000000
"LIDOCAÍNA, CLORID. DE, 2% (20MG/ML - 20ML) C/ EPINEFRINA, NÃO ESTÉRIL",PRINCIPAL,350.400000000000000
DOMPERIDONA 10MG,PRINCIPAL,750.000000000000000
TINTURA DE BENJOIM,PRINCIPAL,8.000000000000000
"LIDOCAÍNA, CLORID. DE, 2% (20MG/G - 30G) GELÉIA",EMERGENCIA,1.000000000000000
"ETILEFRINA, CLORID. DE, 10MG/ML (1ML)",CARRO DE EMERGENCIA POSTO 02,2.000000000000000
"ATROPINA, SULFATO DE, 0,25MG/ML (1ML)",MALETA DE TRANSPORTE 02,2.000000000000000
OLEO MINERAL (120ML),POSTO 3,7.000000000000000
AZITROMICINA COMP  250 MG,PRINCIPAL,53.000000000000000
"HEPARINA SÓDICA 5000UI/0,25ML (SC)",PRINCIPAL,61.000000000000000
"DOPAMINA, CLORID. DE., 5MG/ML (10ML)",CARRO DE EMERGENCIA POSTO 02,5.000000000000000
IBUPROFENO 100MG/ML (20ML - 200GTS),EMERGENCIA,1.000000000000000
"SOL. FISIOLOGICA 0,9% 1000ML",PRINCIPAL,201.800000000000000
CIPROFLOXACINO 2MG/ML (200ML/400MG),PRINCIPAL,161.000000000000000
"PROMETAZINA, CLORID. DE, 25MG/ML (2ML)",MALETA DE TRANSPORTE 01,1.000000000000000
"ANLODIPINO, BESILATO DE, 5MG ",PRINCIPAL,172.000000000000000
FENITOÍNA 100MG,PRINCIPAL,212.000000000000000
CLOREXIDINA 2% 100ML DEGERMANTE,POSTO 3,100.000000000000000
"METOCLOPRAMIDA, CLORID. DE, 5MG/ML (2ML)",POSTO 1,5.000000000000000
"LIDOCAÍNA, CLORID. DE, 2% (20MG/ML - 20ML) S/V, NÃO ESTÉRIL",PRINCIPAL,12.970000000000000
SOL. GLICOSADA 5% 1000ML,EMERGENCIA,5.000000000000000
MANITOL 20 % 250 ML,EMERGENCIA,3.000000000000000
"HIDROCORTISONA, SUCCIN. SÓD. DE, 500MG",BLOCO CIRURGICO,2.000000000000000
"REGENCEL POMADA (3,5G)",PRINCIPAL,10.700000000000000
"SOL. FISIOLÓGICA 0,9% 500ML C/ GOTEJADOR",SALA DE SUTURAS,670.000000000000000
ALOPURINOL 100MG,PRINCIPAL,183.000000000000000
LACTULOSE 667MG/ML (120ML),POSTO 1,120.000000000000000
"CLOREXIDINA 0,2% SOL AQUOSA 100ML ",POSTO 2,502.980000000000000
"PROMETAZINA, CLORID. DE, 25MG/ML (2ML)",POSTO 2,1.000000000000000
"AMIODARONA, CLORID. DE, 100MG ",PRINCIPAL,57.000000000000000
"DIPIRONA SÓDICA, 500MG/ML (10ML - 200GTS) ",PRINCIPAL,4020.000000000000000
DIETA ISOSOURCE 1.5 1000ML,PRINCIPAL,26.000000000000000
ATOMIC 70 LITRO,PRINCIPAL,1.000000000000000
ROPIVACAÍNA 10MG/ML (20ML),BLOCO CIRURGICO,8.000000000000000
IBUPROFENO 100MG/ML (20ML - 200GTS),POSTO 1,5.000000000000000
MAXITROL (5ML - 110GTS),PRINCIPAL,550.700000000000000
RINGER C/ LACTATO 1000ML,CARRO DE EMERGENCIA POSTO 01,1.000000000000000
CETOPROFENO 1MG/ML (100ML) BOLSA,POSTO 1,21.000000000000000
ALCOOL 70% 100ML,HIGIENIZACAO E LAVANDERIA,15.000000000000000
"IPRATRÓPIO, BROMETO DE, 0,250MG/ML (20ML - 400GTS)",PRINCIPAL,16037.000000000000000
"SOL. FISIOLÓGICA 0,9% 100ML COM GOTEJADOR",PRINCIPAL,3392.970000000000000
"TRAMADOL, CLORID. DE, 100MG/2ML",PRINCIPAL,795.000000000000000
GLICONATO DE CÁLCIO 10% (10ML),CARRO DE EMERGENCIA POSTO 02,2.000000000000000
NITAZOXANIDA 20MG/ML SUSP (45ML),PRINCIPAL,2.000000000000000
GLICOSE 50% (10ML),ENDOSCOPIA / COLONOSCOPIA,2.000000000000000
FENITOÍNA SÓDICA 5% (50MG/ML - 5ML),CARRO DE EMERGENCIA POSTO 01,4.000000000000000
"HIDROCORTISONA, SUCCIN. SÓD. DE, 100MG",PRINCIPAL,328.000000000000000
PARACETAMOL 200MG/ML (20ML - 320GTS),POSTO 1,4.000000000000000
"LIDOCAÍNA, CLORID. DE, 10% (100MG/ML - 50ML) SPRAY",PRINCIPAL,152.450000000000000
"DIPIRONA SÓDICA, 500MG/ML (2ML)",EMERGENCIA,24.000000000000000
DOBUTAMINA 250MG (20ML),PRINCIPAL,448.000000000000000
UNIFENOBARB 200MG C/5AMP,PRINCIPAL,7.000000000000000
AGUA OXIGENADA 10 VOL 100 ML,POSTO 3,160.000000000000000
"SOL. FISIOLOGICA 0,9% 1000ML",MALETA DE TRANSPORTE 01,1.000000000000000
"CARVEDILOL 3,125MG ",PRINCIPAL,49.000000000000000
SULFADIAZINA DE PRATA 1% (10MG/G - 30G),POSTO 1,30.000000000000000
"ONDANSETRONA, CLORID. DE, 8MG (2MG/ML - 4ML)",BLOCO CIRURGICO,48.000000000000000
"TRAMADOL, CLORID. DE, 50MG/ML (1ML)",EMERGENCIA,8.000000000000000
"OSELTAMIVIR, FOSFATO DE, 75MG",PRINCIPAL,14.000000000000000
"ESCOPOLAMINA, BUTILBROM. DE, 20MG/ML (1ML)",BLOCO CIRURGICO,7.000000000000000
HIDROXIDO DE ALUMINIO 6% (100ML),POSTO 2,313.000000000000000
AGUA OXIGENADA 10 VOL 100 ML,SALA DE SUTURAS,1158.000000000000000
CLOREXIDINA 2% 100ML DEGERMANTE,POSTO 2,101.000000000000000
"CLORETO DE SODIO 0,9% (10ML) ",POSTO 2,4.000000000000000
OMEPRAZOL SÓDICO 40MG + DILUENTE,EMERGENCIA,15.000000000000000
"DOPAMINA, CLORID. DE., 5MG/ML (10ML)",CARRO DE EMERGENCIA POSTO 03,5.000000000000000
SOL. GLICOSADA 5% 1000ML,CARRO DE EMERGENCIA POSTO 03,1.000000000000000
"ATROPINA, SULFATO DE, 0,25MG/ML (1ML)",ENDOSCOPIA / COLONOSCOPIA,5.000000000000000
GALANTAMINA 8MG,PRINCIPAL,14.000000000000000
"HIDROCORTISONA, SUCCIN. SÓD. DE, 500MG",CARRO DE EMERGENCIA POSTO 03,4.000000000000000
"LIDOCAÍNA, CLORID. DE, 2% (20MG/G - 30G) GELÉIA",POSTO 1,60.000000000000000
PURELL GEL ANTISSEPTICO PRE-CIRURGICO 1200ML,BLOCO CIRURGICO,4803.000000000000000
"MORFINA, SULFATO DE, 10MG/ML (1ML)",CARRO DE EMERGENCIA POSTO 03,4.000000000000000
"ISOSSORBIDA, DINITRATO DE, 5MG (SL)",CARRO DE EMERGENCIA POSTO 01,3.000000000000000
CEFALOTINA SÓDICA 1000MG,PRINCIPAL,374.000000000000000
"SOL. FISIOLOGICA 0,9% 250ML",ENDOSCOPIA / COLONOSCOPIA,12.000000000000000
DRAMIN B6-DIMENIDRINATO 50MG + CLORID. PIRIDOXINA 10MG,PRINCIPAL,6.000000000000000
CEFALOTINA SÓDICA 1000MG,BLOCO CIRURGICO,20.000000000000000
MIDAZOLAM 1MG/ML (5ML),ENDOSCOPIA / COLONOSCOPIA,2.000000000000000
"FITOMENADIONA 10MG/ML (1ML), VITAMINA K",BLOCO CIRURGICO,4.000000000000000
"SOL. FISIOLOGICA 0,9% 1000ML",CARRO DE EMERGENCIA POSTO 01,1.000000000000000
"HIDROCORTISONA, SUCCIN. SÓD. DE, 100MG",CARRO DE EMERGENCIA POSTO 01,2.000000000000000
"GENTAMICINA, SULFATO DE, 40MG/ML (2ML)",PRINCIPAL,677.000000000000000
"DIPIRONA SÓDICA, 500MG/ML (2ML)",PRINCIPAL,1052.000000000000000
"ATROPINA, SULFATO DE, 0,25MG/ML (1ML)",MALETA DE TRANSPORTE 01,2.000000000000000
SIMETICONA 75MG/ML (10ML - 300GTS),POSTO 2,3649.000000000000000
SIMETICONA 75MG/ML (10ML - 300GTS),POSTO 1,604.000000000000000
"ONDANSETRONA, CLORID. DE, 4MG (FILME VO)",PRINCIPAL,8.000000000000000
TROMETAMOL CETOROLACO 30MG/ML (1ML),BLOCO CIRURGICO,27.000000000000000
"SOL. FISIOLOGICA 0,9% 1000ML",CARRO DE EMERGENCIA POSTO 03,1.000000000000000
FLUORESCEÍNA SÓDICA 1% (3ML - 60GTS),SALA DE SUTURAS,54.000000000000000
DRAMIN B6DL 10ML (EV),PRINCIPAL,338.000000000000000
PROPOFOL 1% (10MG/ML - 20ML),PRINCIPAL,35.000000000000000
"CLONIDINA, CLORID. DE, 150MCG/ML (1ML)",EMERGENCIA,2.000000000000000
CREVAGIN (TINIDAZOL 30MG/G + MICONAZOL 20MG/G - 40G),PRINCIPAL,82.000000000000000
SOL. GLICOFISIOLOGICA 1000ML,CARRO DE EMERGENCIA POSTO 02,1.000000000000000
"FENTANILA, CITRATO DE, 0,05MG/ML (2ML)",PRINCIPAL,71.000000000000000
"LOPERAMIDA, CLORID. DE, 2MG",PRINCIPAL,236.000000000000000
ACETILCISTEINA 20MG/ML (120ML) PED,PRINCIPAL,20.000000000000000
ESPESSANTE DE ALIMENTOS 300G,PRINCIPAL,1.000000000000000
CEFTRIAXONA DISSÓDICA 1000MG - EV,BLOCO CIRURGICO,2.000000000000000
"ENOXAPARINA SÓDICA, 60MG/0,6ML",PRINCIPAL,36.000000000000000
ALCOOL 70% 100ML,POSTO 3,365.000000000000000
AGUA PARA INJECAO 10ML,BLOCO CIRURGICO,28.000000000000000
"ONDANSETRONA, CLORID. DE, 8MG",EMERGENCIA,21.000000000000000
"CLONIDINA, CLORID. DE, 0,150MG",MALETA DE TRANSPORTE 01,1.000000000000000
XYLESTESIN 2% (20MG/ML - 20ML) C/ EPINEFRINA,BLOCO CIRURGICO,2.000000000000000
"FENTANILA 0,05MG/ML (5ML)",BLOCO CIRURGICO,4.000000000000000
DIAZEPAM 10MG ,PRINCIPAL,296.000000000000000
"LIDOCAÍNA, CLORID. DE, 10% (100MG/ML - 50ML) SPRAY",ENDOSCOPIA / COLONOSCOPIA,1.000000000000000
"DEXAMETAXONA, FOSF. DISSÓD. DE, 10MG (4MG/ML - 2,5ML)",CARRO DE EMERGENCIA POSTO 03,2.000000000000000
VASELINA LIQUIDA 100ML ,PRINCIPAL,4600.000000000000000
"SOL. FISIOLOGICA 0,9% 500ML",CARRO DE EMERGENCIA POSTO 01,1.000000000000000
XYLESTESIN 1% (10MG/ML - 20ML) S/V,CARRO DE EMERGENCIA POSTO 02,1.000000000000000
"CLOREXIDINA 0,2% SOL AQUOSA 100ML ",SALA DE SUTURAS,30.800000000000000
SULFADIAZINA DE PRATA 1% (10MG/G - 30G),PRINCIPAL,1642.000000000000000
GLICOSE 50% (10ML),CARRO DE EMERGENCIA POSTO 03,4.000000000000000
ALCOOL 70% 100ML,BLOCO CIRURGICO,200.000000000000000
"SOL. FISIOLOGICA 0,9% 250ML",CARRO DE EMERGENCIA POSTO 01,1.000000000000000
"CLONIDINA, CLORID. DE, 0,150MG",PRINCIPAL,110.000000000000000
LEVOFLOXACINO 500MG/100ML ,PRINCIPAL,636.000000000000000
GLICOSE 50% (10ML),BLOCO CIRURGICO,9.000000000000000
OLEO MINERAL (120ML),PRINCIPAL,22.000000000000000
METADONA 5MG,PRINCIPAL,18.000000000000000
"SOL. FISIOLOGICA 0,9% 1000ML",BLOCO CIRURGICO,40.000000000000000
ATENOLOL 25MG,PRINCIPAL,436.000000000000000
"EFEDRINA, SULFATO DE, 50MG/ML (1ML)",PRINCIPAL,115.000000000000000
"NEOMICINA, 5MG/G + BACITR. ZÍNCICA 250UI/G (15G)",BLOCO CIRURGICO,3.000000000000000
BROMOPRIDA 4MG/ML (20ML - 480GTS),PRINCIPAL,4.000000000000000
SOL. GLICOFISIOLOGICA 1000ML,PRINCIPAL,121.000000000000000
DEXAMETASONA 4MG,PRINCIPAL,60.000000000000000
"LIDOCAÍNA, CLORID. DE, 2% (20MG/G - 30G) GELÉIA",POSTO 3,211.000000000000000
MAXITROL (5ML - 110GTS),SALA DE SUTURAS,90.000000000000000
"ESCOPOLAMINA, BUTILBROM. DE, 20MG/ML (1ML)",PRINCIPAL,1095.000000000000000
"BICARBONATO DE SÓDIO 8,4% 10ML",EMERGENCIA,5.000000000000000
"FLUMAZENIL 0,1MG/ML (5ML)",PRINCIPAL,107.000000000000000
"ONDANSETRONA, CLORID. DE, 8MG (2MG/ML - 4ML)",POSTO 1,26.000000000000000
GLICONATO DE CÁLCIO 10% (10ML),PRINCIPAL,186.000000000000000
ALCOOL 70% 100ML,POSTO 2,4365.980000000000000
"ONDANSETRONA, CLORID. DE, 8MG (2MG/ML - 4ML)",ENDOSCOPIA / COLONOSCOPIA,1.000000000000000
"DESLORATADINA 0,5/ML (60ML)",PRINCIPAL,1034.000000000000000
"SALBUTAMOL, 100MCG/DOSE (200 DOSES) - SPRAY",POSTO 1,200.000000000000000
"LIDOCAÍNA, CLORID. DE, 2% (20MG/ML - 20ML) S/V, NÃO ESTÉRIL",SALA DE SUTURAS,9.530000000000000
ALCOOL 70% 1000ML,PRINCIPAL,11026.600000000000000
LACTULOSE 667MG/ML (120ML),PRINCIPAL,4434.000000000000000
LOSARTANA POTÁSSICA 50MG,PRINCIPAL,382.500000000000000
"COMPLEXO B, POLIVITAMÍNICO DE, (2ML)",POSTO 1,6.000000000000000
ALCOOL IODADO 100ML,POSTO 2,2.000000000000000
"HIDROCORTISONA, SUCCIN. SÓD. DE, 100MG",POSTO 1,7.000000000000000
"METOCLOPRAMIDA, CLORID. DE, 5MG/ML (2ML)",EMERGENCIA,2.000000000000000
"CLOPIDOGREL, BISSULF. DE, 75 MG",PRINCIPAL,219.000000000000000
"ESCOPOLAMINA, BUTILBROM. DE, 20MG/ML (1ML)",EMERGENCIA,5.000000000000000
"MORFINA, SULFATO DE, 10MG/ML (1ML)",MALETA DE TRANSPORTE 02,1.000000000000000
FENITOÍNA SÓDICA 5% (50MG/ML - 5ML),CARRO DE EMERGENCIA POSTO 02,2.000000000000000
HALOPERIDOL 5MG/ML (1ML),POSTO 3,1.000000000000000
FLORATIL 100MG ,POSTO 3,128.000000000000000
"IPRATRÓPIO, BROMETO DE, 0,250MG/ML (20ML - 400GTS)",POSTO 3,37.000000000000000
SINVASTATINA 40MG,PRINCIPAL,80.000000000000000
PARACETAMOL 200MG/ML (20ML - 320GTS),POSTO 3,7.000000000000000
"MORFINA, SULFATO DE, 10MG/ML (1ML)",BLOCO CIRURGICO,9.000000000000000
FENOBARBITAL SÓDICO 100MG/ML (2ML),BLOCO CIRURGICO,2.000000000000000
LEVOFLOXACINO 500MG,PRINCIPAL,102.000000000000000
"METOPROLOL, TARTARATO DE, 1MG/ML (5ML)",EMERGENCIA,2.000000000000000
"LIDOCAÍNA, CLORID. DE, 2% (20MG/G - 30G) GELÉIA",POSTO 2,179.000000000000000
ACIDO ACETILSALICILICO 100MG,CARRO DE EMERGENCIA POSTO 03,2.000000000000000
"DEXAMETAXONA, FOSF. DISSÓD. DE, 2MG (2MG/ML - 1ML)",PRINCIPAL,330.000000000000000
"SOL. FISIOLOGICA 0,9% 100ML",POSTO 2,11.000000000000000
SIMETICONA 75MG/ML (10ML - 300GTS),PRINCIPAL,12126.000000000000000
"REGENCEL POMADA (3,5G)",EMERGENCIA,1.000000000000000
ACETILCISTEÍNA 40MG/ML (120ML),POSTO 1,241.000000000000000
FLORATIL 100MG ,POSTO 2,184.000000000000000
AGUA OXIGENADA 10 VOL 1000ML,BLOCO CIRURGICO,3724.000000000000000
"ONDANSETRONA, CLORID. DE, 4MG (2MG/ML - 2ML)",PRINCIPAL,107.000000000000000
RINGER C/ LACTATO 1000ML,POSTO 1,7.000000000000000
"SOL. FISIOLOGICA 0,9% 500ML",BLOCO CIRURGICO,40.000000000000000
"SUXAMETÔNIO, CLORETO DE, 100MG ",BLOCO CIRURGICO,25.000000000000000
"SOL. FISIOLOGICA 0,9% 250ML",POSTO 1,2.000000000000000
AZITROMICINA 500MG F/A - EV,PRINCIPAL,564.000000000000000
IVERMECTINA 6MG,PRINCIPAL,168.000000000000000
AGUA PARA INJECAO 10ML,CARRO DE EMERGENCIA POSTO 01,1.000000000000000
GLICOSE 50% (10ML),EMERGENCIA,13.000000000000000
"AMICACINA, SULFATO DE, 250MG/ML (2ML)",PRINCIPAL,223.000000000000000
GLIFAGE XR 500MG ,PRINCIPAL,300.000000000000000
"PROPRANOLOL, CLORID. DE, 40MG",EMERGENCIA,10.000000000000000
CLORETO DE POTASSIO 10% (10ML),EMERGENCIA,5.000000000000000
DRAMIN B6DL 10ML (EV),BLOCO CIRURGICO,1.000000000000000
"HIDROCORTISONA, SUCCIN. SÓD. DE, 100MG",BLOCO CIRURGICO,6.000000000000000
"SOL. FISIOLOGICA 0,9% 100ML",POSTO 3,93.000000000000000
"FENTANILA, CITRATO DE, 0,05MG/ML (2ML)",BLOCO CIRURGICO,86.000000000000000
ADENOSINA 3MG/ML (2ML),BLOCO CIRURGICO,4.000000000000000
CEFAZOLINA SÓDICA 1000MG,BLOCO CIRURGICO,25.000000000000000
GEL P/ ECG 250ML,CARRO DE EMERGENCIA POSTO 02,1.000000000000000
CETOPROFENO 1MG/ML (100ML) BOLSA,PRINCIPAL,267.000000000000000
GEL P/ ECG 250ML,BLOCO CIRURGICO,7.500000000000000
CONDROFLEX 500MG + 400MG CP,PRINCIPAL,240.000000000000000
"PROMETAZINA, CLORID. DE, 25MG/ML (2ML)",CARRO DE EMERGENCIA POSTO 02,2.000000000000000
"MORFINA, SULFATO DE, 10MG/ML (1ML)",PRINCIPAL,552.500000000000000
"CARVEDILOL 6,25MG",PRINCIPAL,60.000000000000000
ACIDO TRANEXAMICO 50MG/ML (5ML),PRINCIPAL,234.000000000000000
SULFADIAZINA DE PRATA 1% (10MG/G - 30G),POSTO 2,30.000000000000000
"METOPROLOL, SUCCIN. DE, 25MG",EMERGENCIA,7.000000000000000
"ISOSSORBIDA, DINITRATO DE, 5MG (SL)",PRINCIPAL,36.000000000000000
CLARITROMICINA 500MG ,PRINCIPAL,138.000000000000000
"DEXAMETAXONA, FOSF. DISSÓD. DE, 10MG (4MG/ML - 2,5ML)",EMERGENCIA,3.000000000000000
INSULINA HUMANA REGULAR 100UI/ML (10ML - 1000UI),POSTO 3,2.000000000000000
"ONDANSETRONA, CLORID. DE, 4MG (2MG/ML - 2ML)",CARRO DE EMERGENCIA POSTO 01,4.000000000000000
"CLOREXIDINA 0,5% ALCOOLICA DE 1000ML",BLOCO CIRURGICO,17568.400000000000000
ADENOSINA 3MG/ML (2ML),MALETA DE TRANSPORTE 02,1.000000000000000
"FENTANILA 0,05MG/ML (5ML)",PRINCIPAL,415.000000000000000
PAMELOR 10MG C/30CP,PRINCIPAL,15.000000000000000
"PREDNISOLONA, FOSF. SÓD. DE, 3MG/ML (100ML)",POSTO 1,200.000000000000000
SOLUCAO DE THIERSCH DE 500ML,POSTO 3,1.000000000000000
DUOFLAM (BETAMETASONA) 1ML,PRINCIPAL,332.000000000000000
DIETA NOVASOURCE 1.2 1000ML,PRINCIPAL,49.000000000000000
"CLORETO DE SODIO 0,9% (10ML) ",MALETA DE TRANSPORTE 02,1.000000000000000
DROPROPIZINA 3MG/ML (120ML),POSTO 2,4.000000000000000
FUROSEMIDA 10MG/ML (2ML),CARRO DE EMERGENCIA POSTO 02,2.000000000000000
ALCOOL 70% 1000ML,BLOCO CIRURGICO,26006.000000000000000
ADENOSINA 3MG/ML (2ML),MALETA DE TRANSPORTE 01,2.000000000000000
CLORTALIDONA 25MG,PRINCIPAL,60.000000000000000
"FITOMENADIONA 10MG/ML (1ML), VITAMINA K",CARRO DE EMERGENCIA POSTO 01,4.000000000000000
AGUA OXIGENADA 10 VOL 100 ML,PRINCIPAL,12655.000000000000000
"NEOMICINA, 5MG/G + BACITR. ZÍNCICA 250UI/G (15G)",SALA DE SUTURAS,21.500000000000000
"PROMETAZINA, CLORID. DE, 25MG",PRINCIPAL,106.000000000000000
"CLORETO DE SODIO 0,9% (10ML) ",POSTO 3,4.000000000000000
DIAZEPAM 10MG ,EMERGENCIA,3.000000000000000
HIGROTON 25 MG C/42COMP,PRINCIPAL,27.000000000000000
"FITOMENADIONA 10MG/ML (1ML), VITAMINA K",EMERGENCIA,2.000000000000000
"SOL. FISIOLOGICA 0,9% 250ML",EMERGENCIA,18.000000000000000
BROMOPRIDA 4MG/ML (20ML - 480GTS),POSTO 3,1.000000000000000
"CLONAZEPAM 0,5MG",PRINCIPAL,729.000000000000000
CARDURAM XL 4 MG C/ 30 COM,PRINCIPAL,28.000000000000000
"ENALAPRIL, MALEATO DE, 5MG",PRINCIPAL,119.000000000000000
ISOSOURSE SOYA 1.2 KCAL,COZINHA E COPA,72.000000000000000
"LIDOCAÍNA, CLORID. DE, 1% (10MG/ML - 20ML) S/V, NÃO ESTÉRIL",SALA DE SUTURAS,136.950000000000000
"SOL. FISIOLOGICA 0,9% 500ML",POSTO 1,5.000000000000000
"MORFINA, SULFATO DE, 10MG/ML (1ML)",CARRO DE EMERGENCIA POSTO 01,23.000000000000000
"SOL. FISIOLOGICA 0,9% 100ML",BLOCO CIRURGICO,18.000000000000000
DICLOFENACO SÓDICO 75MG/3ML IM,PRINCIPAL,387.000000000000000
"LIDOCAÍNA, CLORID. DE, 1% (10MG/ML - 20ML) S/V, NÃO ESTÉRIL",EMERGENCIA,21.000000000000000
"ONDANSETRONA, CLORID. DE, 4MG",EMERGENCIA,14.000000000000000
"HIDROCORTISONA, SUCCIN. SÓD. DE, 500MG",EMERGENCIA,8.000000000000000
FENOBARBITAL SÓDICO 100MG/ML (2ML),PRINCIPAL,19.000000000000000
"MORFINA, SULFATO DE, 10MG/ML (1ML)",CARRO DE EMERGENCIA POSTO 02,1.000000000000000
"CLONIDINA, CLORID. DE, 150MCG/ML (1ML)",BLOCO CIRURGICO,16.000000000000000
"NOREPINEFRINA, HEMITART. DE, 2MG/ML (4ML)",EMERGENCIA,10.000000000000000
SOL. GLICOSADA 5% 1000ML,PRINCIPAL,71.000000000000000
FENITOÍNA SÓDICA 5% (50MG/ML - 5ML),PRINCIPAL,76.000000000000000
"CLOREXIDINA 0,5% ALCOOLICA 100ML",SALA DE GESSO,200.000000000000000
"FENTANILA, CITRATO DE, 0,05MG/ML (2ML)",ENDOSCOPIA / COLONOSCOPIA,7.000000000000000
ALCOOL 70% 1000ML,EMERGENCIA,1.000000000000000
"MIDAZOLAM, MALEATO DE, 7,5MG",PRINCIPAL,157.000000000000000
"TERBUTALINA, SULFATO DE, 0,5MG/ML (1ML)",PRINCIPAL,241.000000000000000
"AMIODARONA, CLORIDRATO DE, 50MG/ML (3ML)",PRINCIPAL,221.000000000000000
"METILERGOMETRINA, MALEATO DE, 0,2MG/ML (1ML)",PRINCIPAL,48.000000000000000
FLUCONAZOL 150MG ,PRINCIPAL,202.000000000000000
BACTRIM F (800MG/160MG),PRINCIPAL,45.000000000000000
SIMETICONA 75MG/ML (10ML - 300GTS),POSTO 3,5442.000000000000000
"DEXAMETAXONA, FOSF. DISSÓD. DE, 10MG (4MG/ML - 2,5ML)",POSTO 3,2.000000000000000
TOBRACORT (5ML - 150GTS),SALA DE SUTURAS,203.000000000000000
"DEXAMETAXONA, FOSF. DISSÓD. DE, 2MG (2MG/ML - 1ML)",EMERGENCIA,2.000000000000000
"PROMETAZINA, CLORID. DE, 25MG/ML (2ML)",CARRO DE EMERGENCIA POSTO 01,4.000000000000000
"DIPIRONA SÓDICA, 500MG/ML (2ML)",CARRO DE EMERGENCIA POSTO 01,1.000000000000000
"CLORETO DE SODIO 0,9% (10ML) ",POSTO 1,60.000000000000000
MIDAZOLAM 1MG/ML (5ML),PRINCIPAL,233.000000000000000
"FENTANILA, CITRATO DE, 0,05MG/ML (10 ML)",BLOCO CIRURGICO,18.000000000000000
"ONDANSETRONA, CLORID. DE, 4MG",PRINCIPAL,176.000000000000000
"ONDANSETRONA, CLORID. DE, 8MG (FILME VO)",PRINCIPAL,2.000000000000000
XYLESTESIN 1% (10MG/ML - 20ML) S/V,CARRO DE EMERGENCIA POSTO 01,1.000000000000000
LOPRESSOR 100 MG C/20 CP,PRINCIPAL,7.000000000000000
"SUXAMETÔNIO, CLORETO DE, 100MG ",CARRO DE EMERGENCIA POSTO 02,2.000000000000000
SEVOFLURANO 100ML,BLOCO CIRURGICO,2.000000000000000
"DICLOFENACO DIETILAMÔNIO 11,6MG/G (60G)",PRINCIPAL,660.000000000000000
"QUETIAPINA, HEMIFUM. DE, 100MG",PRINCIPAL,1.000000000000000
CLOREXIDINA 2% 100ML DEGERMANTE,EMERGENCIA,200.000000000000000
"FENTANILA, CITRATO DE, 0,05MG/ML (10 ML)",PRINCIPAL,1.000000000000000
"CLOREXIDINA 0,2% SOL AQUOSA 100ML ",SALA DE GESSO,150.000000000000000
PANTOPRAZOL SÓDICO 40MG + DILUENTE,PRINCIPAL,319.000000000000000
DIAZEPAM 5MG,PRINCIPAL,163.000000000000000
PROMESTRIENO 10MG/G (15G),PRINCIPAL,30.000000000000000
"TRAMADOL, CLORID. DE, 50MG/ML (1ML)",CARRO DE EMERGENCIA POSTO 01,4.000000000000000
"SOL. FISIOLOGICA 0,9% 100ML",PRINCIPAL,99.419000000000000
ALCOOL 70% 100ML,ENDOSCOPIA / COLONOSCOPIA,2.000000000000000
"SOL. FISIOLOGICA 0,9% 500ML",ENDOSCOPIA / COLONOSCOPIA,2.000000000000000
ESCOPOLAMINA 4MG + DIPIRONA 500MG/ML (5ML),PRINCIPAL,1495.000000000000000
OMEPRAZOL SÓDICO 40MG + DILUENTE,PRINCIPAL,433.000000000000000
"METOCLOPRAMIDA, CLORID. DE, 5MG/ML (2ML)",BLOCO CIRURGICO,7.000000000000000
AGUA OXIGENADA 10 VOL 100 ML,SALA DE GESSO,100.000000000000000
VASELINA LIQUIDA 100ML ,BLOCO CIRURGICO,100.000000000000000
ALCOOL 70% 1000ML,HIGIENIZACAO E LAVANDERIA,24.000000000000000
"EFEDRINA, SULFATO DE, 50MG/ML (1ML)",BLOCO CIRURGICO,17.000000000000000
"METOCLOPRAMIDA, CLORID. DE, 4MG/ML (20ML - 420GTS)",PRINCIPAL,7.000000000000000
"FENTANILA, CITRATO DE, 0,05MG/ML (10 ML)",CARRO DE EMERGENCIA POSTO 02,2.000000000000000
CLORETO DE SODIO 20% (10ML),EMERGENCIA,5.000000000000000
"SOL. FISIOLOGICA 0,9% 1000ML",POSTO 1,2.000000000000000
"TRAMADOL, CLORID. DE, 50MG/ML (1ML)",BLOCO CIRURGICO,8.000000000000000
"EPINEFRINA, HEMITART. DE, 1MG/ML (1ML)",BLOCO CIRURGICO,62.000000000000000
CEFALOTINA SÓDICA 1000MG,EMERGENCIA,11.000000000000000
LACTULOSE 667MG/ML (120ML),POSTO 3,493.000000000000000
TROMETAMOL CETOROLACO 30MG/ML (1ML),PRINCIPAL,83.000000000000000
"PREDNISOLONA, FOSF. SÓD. DE, 3MG/ML (100ML)",POSTO 2,4.000000000000000
"ISOSSORBIDA, DINITRATO DE, 5MG (SL)",EMERGENCIA,4.000000000000000
"DESLANOSÍDEO 0,2MG/ML (2ML)",BLOCO CIRURGICO,3.000000000000000
PURELL GEL ANTISSEPTICO PRE-CIRURGICO 1200ML,PRINCIPAL,1.000000000000000
DIAZEPAN 10MG/2ML,MALETA DE TRANSPORTE 01,1.000000000000000
BISACODIL 5MG,PRINCIPAL,93.000000000000000
"LIDOCAÍNA, CLORID. DE, 2% (20MG/G - 30G) GELÉIA",ENDOSCOPIA / COLONOSCOPIA,5.000000000000000
"CLOREXIDINA 0,5% ALCOOLICA 100ML",POSTO 3,171.000000000000000
"LIDOCAÍNA, CLORID. DE, 2% (20MG/G - 30G) GELÉIA",SALA DE GESSO,30.000000000000000
GLICONATO DE CÁLCIO 10% (10ML),BLOCO CIRURGICO,2.000000000000000
"MAGNÉSIO, SULFATO DE, 10% (100MG/ML - 10ML)",BLOCO CIRURGICO,2.000000000000000
ALCOOL 70% 100ML,SALA DE GESSO,100.000000000000000
"ONDANSETRONA, CLORID. DE, 4MG (2MG/ML - 2ML)",BLOCO CIRURGICO,14.000000000000000
ALCOOL 70% 100ML,GERIATRIA,400.000000000000000
"DESLORATADINA 0,5/ML (60ML)",POSTO 2,3.000000000000000
PERMANGANATO DE POTÁSSIO 100MG,PRINCIPAL,13.000000000000000
"AMIODARONA, CLORIDRATO DE, 50MG/ML (3ML)",CARRO DE EMERGENCIA POSTO 01,3.000000000000000
"DIPIRONA SÓDICA, 500MG/ML (2ML)",MALETA DE TRANSPORTE 02,1.000000000000000
MIDAZOLAM 1MG/ML (5ML),CARRO DE EMERGENCIA POSTO 01,3.000000000000000
AGUA OXIGENADA 10 VOL 100 ML,EMERGENCIA,100.000000000000000
ALCOOL     7O%   GEL,PRINCIPAL,1.000000000000000
"DEXAMETAXONA, FOSF. DISSÓD. DE, 10MG (4MG/ML - 2,5ML)",BLOCO CIRURGICO,39.000000000000000
GEL P/ ECG 250ML,PRINCIPAL,11397.000000000000000
AGUA OXIGENADA 10 VOL 100 ML,BLOCO CIRURGICO,4.000000000000000
XYLESTESIN 1% (10MG/ML - 20ML) S/V,PRINCIPAL,390.000000000000000
"BETAISTINA, DICLORID. DE, 24MG",PRINCIPAL,263.000000000000000
"MORFINA, SULFATO DE, 0,2MG/ML (1ML)",POSTO 2,1.000000000000000
"SOL. FISIOLOGICA 0,9% 500ML",EMERGENCIA,39.400000000000000
"OXIMETAZOLINA, CLORID. DE, 0,50MG/ML (30ML - 600GTS)",PRINCIPAL,3003.970000000000000
"CLOREXIDINA 0,2% SOL AQUOSA 100ML ",BLOCO CIRURGICO,2.000000000000000
"EPINEFRINA, HEMITART. DE, 1MG/ML (1ML)",CARRO DE EMERGENCIA POSTO 02,10.000000000000000
"ETILEFRINA, CLORID. DE, 10MG/ML (1ML)",BLOCO CIRURGICO,25.000000000000000
DIFENIDRAMINA 50MG/ML (1ML),PRINCIPAL,599.000000000000000
"AMITRIPTILINA, CLORID. DE, 25MG ",PRINCIPAL,292.000000000000000
"SOL. FISIOLOGICA 0,9% 1000ML",EMERGENCIA,22.000000000000000
"CLOREXIDINA 0,2% SOL AQUOSA 100ML ",PRINCIPAL,9718.000000000000000
"CLINDAMICINA, FOSFATO DE, 150MG/ML (4ML)",BLOCO CIRURGICO,2.000000000000000
"LIDOCAÍNA, CLORID. DE, 10% (100MG/ML - 50ML) SPRAY",SALA DE SUTURAS,1.000000000000000
"CLOREXIDINA 0,2% SOL AQUOSA 100ML ",GERIATRIA,1.000000000000000
DIAZEPAN 10MG/2ML,CARRO DE EMERGENCIA POSTO 03,4.000000000000000
"DESLANOSÍDEO 0,2MG/ML (2ML)",PRINCIPAL,86.000000000000000
"DOPAMINA, CLORID. DE., 5MG/ML (10ML)",EMERGENCIA,5.000000000000000
"DEXAMETAXONA, FOSF. DISSÓD. DE, 10MG (4MG/ML - 2,5ML)",PRINCIPAL,183.000000000000000
"BIPERIDENO, CLORID. DE, 2MG",PRINCIPAL,200.000000000000000
"ATROPINA, SULFATO DE, 0,25MG/ML (1ML)",CARRO DE EMERGENCIA POSTO 02,18.000000000000000
"ESCOPOLAMINA, BUTILBROM. DE, 10MG",PRINCIPAL,60.000000000000000
"ONDANSETRONA, CLORID. DE, 8MG (2MG/ML - 4ML)",CARRO DE EMERGENCIA POSTO 01,2.000000000000000
ACEBROFILINA 10MG/ML (120ML),POSTO 2,507.000000000000000
"ATROPINA, SULFATO DE, 0,25MG/ML (1ML)",CARRO DE EMERGENCIA POSTO 03,6.000000000000000
HIDROCLOROTIAZIDA 25MG,PRINCIPAL,267.000000000000000
DIAZEPAM 5MG,EMERGENCIA,4.000000000000000
"ONDANSETRONA, CLORID. DE, 4MG (2MG/ML - 2ML)",POSTO 1,7.000000000000000
"ATRACÚRIO, BESILATO DE, 10MG/ML (2,5ML)",PRINCIPAL,47.000000000000000
"TRAMADOL, CLORID. DE, 50MG",PRINCIPAL,100.000000000000000
PARACETAMOL 500MG,PRINCIPAL,1972.000000000000000
"METILERGOMETRINA, MALEATO DE, 0,2MG/ML (1ML)",BLOCO CIRURGICO,6.000000000000000
ACETILCISTEINA 100MG/ML (3ML),EMERGENCIA,2.000000000000000
"BUPIVACAÍNA, CLORID. DE, 0,50% (5MG/ML - 20ML) + EPINEFRINA",BLOCO CIRURGICO,2.000000000000000
ALCOOL 70% 1000ML,POSTO 3,2.000000000000000
"COLAGENASE 0,6U/G + CLORANFENICOL 0,01G/G (30G)",POSTO 2,31.000000000000000
"ONDANSETRONA, CLORID. DE, 4MG (2MG/ML - 2ML)",CARRO DE EMERGENCIA POSTO 03,6.000000000000000
"FITOMENADIONA 10MG/ML (1ML), VITAMINA K",CARRO DE EMERGENCIA POSTO 02,2.000000000000000
"MIDAZOLAM, MALEATO DE, 7,5MG",ENDOSCOPIA / COLONOSCOPIA,61.000000000000000
"HIDROXIDO FERRICO, SACAR. DE, 20MG/ML (5ML)",PRINCIPAL,257.000000000000000
"BICARBONATO DE SÓDIO 8,4% 10ML",PRINCIPAL,183.000000000000000
"PROMETAZINA, CLORID. DE, 25MG/ML (2ML)",POSTO 1,7.000000000000000
"DOXAZOSINA, MESILATO DE, 2MG",PRINCIPAL,173.000000000000000
"PROPRANOLOL, CLORID. DE, 40MG",PRINCIPAL,478.000000000000000
"CLORPROMAZINA, CLORID. DE, 100MG",PRINCIPAL,98.000000000000000
"HIDROCORTISONA, SUCCIN. SÓD. DE, 100MG",EMERGENCIA,13.000000000000000
MIDAZOLAM 1MG/ML (5ML),POSTO 2,1.000000000000000
"SOL. FISIOLOGICA 0,9% 100ML",CARRO DE EMERGENCIA POSTO 03,1.000000000000000
HEPARINA SÓDICA 5000UI/ML (5ML),PRINCIPAL,33.000000000000000
"BUPIVACAÍNA, CLORID. DE, 0,50% (5MG/ML - 20ML) + EPINEFRINA",PRINCIPAL,18.000000000000000
"AMIODARONA, CLORIDRATO DE, 50MG/ML (3ML)",EMERGENCIA,10.000000000000000
METOPROLOL 100  MG,PRINCIPAL,36.000000000000000
OLEO MINERAL (120ML),POSTO 1,2.000000000000000
"NALOXONA, CLORID. DE, 0,4MG/ML (1ML)",ENDOSCOPIA / COLONOSCOPIA,1.000000000000000
HALOPERIDOL 5MG/ML (1ML),CARRO DE EMERGENCIA POSTO 02,1.000000000000000
"MORFINA, SULFATO DE, 10MG/ML (1ML)",EMERGENCIA,8.000000000000000
RINGER C/ LACTATO 1000ML,CARRO DE EMERGENCIA POSTO 03,1.000000000000000
"CODEINA, FOSF. DE, 3MG/ML (120ML) N",POSTO 2,1.000000000000000
"ETILEFRINA, CLORID. DE, 10MG/ML (1ML)",PRINCIPAL,43.000000000000000
SOL. GLICOFISIOLOGICA 1000ML,EMERGENCIA,6.000000000000000
IBUPROFENO 100MG/ML (20ML - 200GTS),POSTO 2,12.000000000000000
ALCOOL 70% 100ML,POSTO 1,1760.000000000000000
ESOMEPRAZOL MAGNÉSICO 40MG,PRINCIPAL,1979.000000000000000
"DESLORATADINA 0,5/ML (60ML)",POSTO 3,121.000000000000000
"ENALAPRIL, MALEATO DE, 10MG",PRINCIPAL,558.000000000000000
"METFORMINA, CLORID. DE, 850MG ",PRINCIPAL,208.000000000000000
"LIDOCAÍNA, CLORID. DE, 2% (20MG/G - 30G) GELÉIA",BLOCO CIRURGICO,64.000000000000000
CLOREXIDINA 2% 100ML DEGERMANTE,SALA DE GESSO,100.000000000000000
"BUPIVACAÍNA, CLORID. DE, 0,50% (5MG/ML - 4ML) ISOBÁRICA",PRINCIPAL,33.000000000000000
CLORETO DE POTASSIO 10% (10ML),PRINCIPAL,436.000000000000000
"ATROPINA, SULFATO DE, 0,25MG/ML (1ML)",EMERGENCIA,2.000000000000000
HALOPERIDOL 5MG,PRINCIPAL,247.000000000000000
"ATROPINA, SULFATO DE, 0,50MG/ML (1ML)",PRINCIPAL,396.000000000000000
"BICARBONATO DE SÓDIO 8,4% 10ML",BLOCO CIRURGICO,4.000000000000000
XYLESTESIN 2% (20MG/ML - 20ML) S/V,BLOCO CIRURGICO,12.000000000000000
"LIDOCAÍNA, CLORID. DE, 2% (20MG/ML - 20ML) S/V, NÃO ESTÉRIL",EMERGENCIA,2.000000000000000
"PROMETAZINA, CLORID. DE, 25MG/ML (2ML)",PRINCIPAL,358.000000000000000
XYLESTESIN 1% (10MG/ML - 20ML) S/V,CARRO DE EMERGENCIA POSTO 03,1.000000000000000
SOL. GLICOFISIOLOGICA 500ML,CARRO DE EMERGENCIA POSTO 02,2.000000000000000
AGUA OXIGENADA 10 VOL 100 ML,POSTO 2,103.000000000000000
"ENTEROGERMINA (BACILLUS CAUSII, ESPOROS, 2 BILHÕES/5ML)",PRINCIPAL,60.000000000000000
CETOPROFENO 100MG (AMP DE 2ML),PRINCIPAL,3.000000000000000
GLICOSE 50% (10ML),CARRO DE EMERGENCIA POSTO 01,4.000000000000000
BENZILPENICILINA POTÁSSICA 5.000.000UI,PRINCIPAL,500.000000000000000
CLARITROMICINA 500MG EV ,PRINCIPAL,87.000000000000000
ACIDO ACETILSALICILICO 100MG,PRINCIPAL,241.000000000000000
SIMETICONA 75MG/ML (10ML - 300GTS),EMERGENCIA,6.000000000000000
"METFORMINA, CLORID. DE, 500MG",PRINCIPAL,111.000000000000000
"DIPIRONA SÓDICA, 500MG/ML (10ML - 200GTS) ",POSTO 2,11.000000000000000
MANITOL 20 % 250 ML,PRINCIPAL,91.000000000000000
AZITROMICINA 200MG/5ML (15ML - 600MG),PRINCIPAL,16.000000000000000
IBUPROFENO 100MG/ML (20ML - 200GTS),POSTO 3,10.000000000000000
LEVOFLOXACINO 750MG,PRINCIPAL,35.000000000000000
"METOPROLOL, TARTARATO DE, 1MG/ML (5ML)",BLOCO CIRURGICO,1.000000000000000
AGUA PARA INJECAO 10ML,POSTO 3,1.000000000000000
"COLAGENASE 0,6U/G + CLORANFENICOL 0,01G/G (30G)",PRINCIPAL,627.700000000000000
"BUPIVACAÍNA, CLORID. DE, 0,50% (5MG/ML - 4ML) + GLICOSE 8% (PESADA)",POSTO 2,1.000000000000000
DIAZEPAN 10MG/2ML,CARRO DE EMERGENCIA POSTO 01,2.000000000000000
ACETILCISTEINA 100MG/ML (3ML),PRINCIPAL,97.000000000000000
"TERBUTALINA, SULFATO DE, 0,5MG/ML (1ML)",EMERGENCIA,4.000000000000000
"DIPIRONA SÓDICA, 500MG/ML (2ML)",POSTO 2,2.000000000000000
XYLESTESIN 2% (20MG/ML - 20ML) S/V,PRINCIPAL,2455.500000000000000
VASOPRESSINA 20U (1ML),PRINCIPAL,98.000000000000000
DIAZEPAN 10MG/2ML,BLOCO CIRURGICO,3.000000000000000
"HIDROCORTISONA, SUCCIN. SÓD. DE, 500MG",CARRO DE EMERGENCIA POSTO 01,1.000000000000000
IBUPROFENO 600MG,PRINCIPAL,480.000000000000000
RIVAROXABANA 15MG,PRINCIPAL,59.000000000000000
"CIPROFLOXACINO, CLORID. DE, 500MG",PRINCIPAL,76.000000000000000
"SUXAMETÔNIO, CLORETO DE, 100MG ",PRINCIPAL,31.000000000000000
"PROMETAZINA, CLORID. DE, 25MG/ML (2ML)",EMERGENCIA,16.000000000000000
ACIDO ACETILSALICILICO 100MG,CARRO DE EMERGENCIA POSTO 02,4.000000000000000
"TRAMADOL, CLORID. DE, 50MG/ML (1ML)",PRINCIPAL,348.000000000000000
"SALBUTAMOL, SULFATO DE, 5MG/ML (10ML - 200GTS)",PRINCIPAL,63.000000000000000
"NEOMICINA, 5MG/G + BACITR. ZÍNCICA 250UI/G (15G)",EMERGENCIA,2.500000000000000
SOL. GLICOFISIOLOGICA 1000ML,BLOCO CIRURGICO,4.000000000000000
ACIDO TRANEXAMICO 250MG,PRINCIPAL,664.000000000000000
SULFAMETOXAZOL 80MG/ML + TRIMETOPRIMA 16MG/ML (5ML),PRINCIPAL,107.000000000000000
"DIPIRONA SÓDICA, 500MG/ML (10ML - 200GTS) ",POSTO 1,2.000000000000000
"FLUMAZENIL 0,1MG/ML (5ML)",BLOCO CIRURGICO,3.000000000000000
CETOPROFENO 1MG/ML (100ML) BOLSA,EMERGENCIA,14.000000000000000
"METOPROLOL, TARTARATO DE, 1MG/ML (5ML)",MALETA DE TRANSPORTE 02,1.000000000000000
"CODEINA, FOSF. DE, 3MG/ML (120ML) N",PRINCIPAL,9.000000000000000
"SOL. FISIOLOGICA 0,9% 100ML",EMERGENCIA,22.000000000000000
"HIDROCORTISONA, SUCCIN. SÓD. DE, 500MG",PRINCIPAL,444.000000000000000
"CLONIDINA, CLORID. DE, 150MCG/ML (1ML)",PRINCIPAL,71.000000000000000
XYLESTESIN 1% (10MG/ML - 20ML) S/V,EMERGENCIA,1.000000000000000
"VANCOMICINA, CLORID. DE, 500MG",PRINCIPAL,8.000000000000000
MELHERIL 50 MG C/20 COMP,PRINCIPAL,20.000000000000000
XYLESTESIN 2% (20MG/ML - 20ML) S/V,CARRO DE EMERGENCIA POSTO 02,1.000000000000000
"CLOPIDOGREL, BISSULF. DE, 75 MG",EMERGENCIA,48.000000000000000
PARACETAMOL 200MG/ML (20ML - 320GTS),PRINCIPAL,111.000000000000000
"ESCOPOLAMINA, BUTILBROM. DE, 10MG/ML (20ML - 400GTS)",PRINCIPAL,6.000000000000000
OMEPRAZOL SÓDICO 40MG + DILUENTE,BLOCO CIRURGICO,1.000000000000000
"DESLANOSÍDEO 0,2MG/ML (2ML)",CARRO DE EMERGENCIA POSTO 02,2.000000000000000
SECOTEX 0.4MG C/20 COMP  /,PRINCIPAL,17.000000000000000
"NALOXONA, CLORID. DE, 0,4MG/ML (1ML)",PRINCIPAL,60.000000000000000
CAPTOPRIL 25MG,PRINCIPAL,415.000000000000000
XYLESTESIN 2% (20MG/ML - 20ML) C/ EPINEFRINA,PRINCIPAL,148.000000000000000
"MORFINA, SULFATO DE, 0,2MG/ML (1ML)",BLOCO CIRURGICO,28.000000000000000
GLICONATO DE CÁLCIO 10% (10ML),CARRO DE EMERGENCIA POSTO 01,4.000000000000000
"SALBUTAMOL, 100MCG/DOSE (200 DOSES) - SPRAY",POSTO 2,2.000000000000000
CETOPROFENO 50MG/ML (2ML) IM,PRINCIPAL,384.000000000000000
"CLORETO DE SODIO 0,9% (10ML) ",PRINCIPAL,3676.000000000000000
"CLOREXIDINA 0,2% SOL AQUOSA 100ML ",POSTO 3,531.000000000000000
"BUPIVACAÍNA, CLORID. DE, 0,50% (5MG/ML - 4ML) ISOBÁRICA",BLOCO CIRURGICO,6.000000000000000
"EPINEFRINA, HEMITART. DE, 1MG/ML (1ML)",CARRO DE EMERGENCIA POSTO 01,10.000000000000000
AGUA PARA INJECAO 10ML,PRINCIPAL,5819.000000000000000
ROPIVACAÍNA 10MG/ML (20ML),PRINCIPAL,15.000000000000000
ALCOOL 70% 100ML,PRINCIPAL,5020.450000000000000
ALCOOL IODADO 100ML,PRINCIPAL,23.000000000000000
"ATROPINA, SULFATO DE, 0,25MG/ML (1ML)",BLOCO CIRURGICO,167.000000000000000
CEFALOTINA SÓDICA 1000MG,POSTO 2,2.000000000000000
ESPIRONOLACTONA 25MG ,PRINCIPAL,264.000000000000000
DETERGENTE  ENZIMATICO 1 LITRO,PRINCIPAL,6029.000000000000000
HIDROXIDO DE ALUMINIO 6% (100ML),POSTO 3,510.000000000000000
"ATROPINA, SULFATO DE, 0,25MG/ML (1ML)",POSTO 3,2.000000000000000
CLONAZEPAM 2MG,PRINCIPAL,55.000000000000000
"ETILEFRINA, CLORID. DE, 10MG/ML (1ML)",CARRO DE EMERGENCIA POSTO 03,2.000000000000000
ACIDO TRANEXAMICO 50MG/ML (5ML),POSTO 2,4.000000000000000
"SOL. FISIOLOGICA 0,9% 250ML",BLOCO CIRURGICO,29.000000000000000
FUROSEMIDA 10MG/ML (2ML),CARRO DE EMERGENCIA POSTO 03,6.000000000000000
ACICLOVIR 200MG,PRINCIPAL,353.000000000000000
FLORATIL 100MG ,PRINCIPAL,1207.000000000000000
ALCOOL 70% 100ML,SALA DE SUTURAS,640.000000000000000
"SOL. FISIOLOGICA 0,9% 250ML",GERIATRIA,1.000000000000000
"FENILEFRINA, CLORID. DE, 10MG/ML (1ML)",PRINCIPAL,43.000000000000000
"PROMETAZINA, CLORID. DE, 25MG/ML (2ML)",CARRO DE EMERGENCIA POSTO 03,3.000000000000000
SOL. GLICOFISIOLOGICA 500ML,PRINCIPAL,116.500000000000000
RINGER C/ LACTATO 1000ML,PRINCIPAL,147.000000000000000
GLICOSE 50% (10ML),MALETA DE TRANSPORTE 02,2.000000000000000
"FENILEFRINA, CLORID. DE, 10MG/ML (1ML)",BLOCO CIRURGICO,6.000000000000000
"AMIODARONA, CLORIDRATO DE, 50MG/ML (3ML)",CARRO DE EMERGENCIA POSTO 03,8.000000000000000
FUROSEMIDA 10MG/ML (2ML),EMERGENCIA,10.000000000000000
FUROSEMIDA 10MG/ML (2ML),CARRO DE EMERGENCIA POSTO 01,2.000000000000000
"NALOXONA, CLORID. DE, 0,4MG/ML (1ML)",BLOCO CIRURGICO,18.000000000000000
"ATROPINA, SULFATO DE, 0,25MG/ML (1ML)",PRINCIPAL,59.000000000000000
"FITOMENADIONA 10MG/ML (1ML), VITAMINA K",POSTO 3,2.000000000000000
"NEOMICINA, 5MG/G + BACITR. ZÍNCICA 250UI/G (15G)",PRINCIPAL,186.500000000000000
TINTURA DE BENJOIM,POSTO 2,1.000000000000000
"BICARBONATO DE SÓDIO 8,4% 10ML",CARRO DE EMERGENCIA POSTO 02,4.000000000000000
"SOL. FISIOLOGICA 0,9% 100ML",CARRO DE EMERGENCIA POSTO 01,1.000000000000000
ATROPINA 1% COLIRIO (5ML - 140GTS),PRINCIPAL,1.000000000000000
"AMIODARONA, CLORIDRATO DE, 50MG/ML (3ML)",BLOCO CIRURGICO,16.000000000000000
CLOREXIDINA 2% 100ML DEGERMANTE,SALA DE SUTURAS,169.000000000000000
DETERGENTE  ENZIMATICO 1 LITRO,BLOCO CIRURGICO,6012.000000000000000
MIDAZOLAM 1MG/ML (5ML),EMERGENCIA,5.000000000000000
"SOL. FISIOLÓGICA 0,9% 500ML C/ GOTEJADOR",EMERGENCIA,2.000000000000000
"SOL. FISIOLOGICA 0,9% 500ML",CARRO DE EMERGENCIA POSTO 02,1.000000000000000
"ENOXAPARINA SODICA, 40MG/0,4ML",PRINCIPAL,332.000000000000000
"COLCHICINA 0,50MG",PRINCIPAL,146.000000000000000
"SOL. FISIOLOGICA 0,9% 500ML",PRINCIPAL,98.450000000000000
BENZILPENICILINA BENZATINA 600.000UI IM,PRINCIPAL,500.000000000000000
SOL. GLICOSADA 5% 100ML,EMERGENCIA,4.000000000000000
"BUPIVACAÍNA, CLORID. DE, 0,50% (5MG/ML - 4ML) + GLICOSE 8% (PESADA)",PRINCIPAL,37.000000000000000
IODOFOR AQUOSO 2% C/100ML,BLOCO CIRURGICO,101.000000000000000
"LIDOCAÍNA, CLORID. DE, 2% (20MG/ML - 20ML) C/ EPINEFRINA, NÃO ESTÉRIL",SALA DE SUTURAS,0.800000000000000
CEFTRIAXONA DISSÓDICA 1000MG - EV,PRINCIPAL,734.000000000000000
"DOPAMINA, CLORID. DE., 5MG/ML (10ML)",BLOCO CIRURGICO,4.000000000000000
"COMPLEXO B, POLIVITAMÍNICO DE, (2ML)",EMERGENCIA,4.000000000000000
"SOL. FISIOLÓGICA 0,9% 100ML COM GOTEJADOR",POSTO 1,200.000000000000000
SOL. GLICOSADA 5% 500ML,PRINCIPAL,275.000000000000000
METRONIDAZOL 500MG/100ML ,PRINCIPAL,401.000000000000000
FUROSEMIDA 40MG,PRINCIPAL,157.000000000000000
"EPINEFRINA, HEMITART. DE, 1MG/ML (1ML)",POSTO 3,7.000000000000000
"ONDANSETRONA, CLORID. DE, 8MG",ENDOSCOPIA / COLONOSCOPIA,1.000000000000000
"NEOSTIGMINA, METILSULFATO DE, 0,5MG/ML (1ML)",BLOCO CIRURGICO,39.000000000000000
XYLESTESIN 2% (20MG/ML - 20ML) S/V,EMERGENCIA,2.000000000000000
"ONDANSETRONA, CLORID. DE, 4MG",CARRO DE EMERGENCIA POSTO 01,2.000000000000000
DIAZEPAN 10MG/2ML,MALETA DE TRANSPORTE 02,1.000000000000000
"DESLANOSÍDEO 0,2MG/ML (2ML)",CARRO DE EMERGENCIA POSTO 03,4.000000000000000
"CLORPROMAZINA, CLORID. DE, 25MG/5ML",PRINCIPAL,473.000000000000000
"HIDROCORTISONA, SUCCIN. SÓD. DE, 100MG",CARRO DE EMERGENCIA POSTO 03,5.000000000000000
"ESCOPOLAMINA, BUTILBROM. DE, 20MG/ML (1ML)",POSTO 1,8.000000000000000
"CLONAZEPAM 0,5MG",EMERGENCIA,8.000000000000000
FENITOÍNA SÓDICA 5% (50MG/ML - 5ML),POSTO 3,5.000000000000000
"DIPIRONA SÓDICA, 500MG/ML (2ML)",BLOCO CIRURGICO,86.000000000000000
DIAZEPAN 10MG/2ML,CARRO DE EMERGENCIA POSTO 02,3.000000000000000
GLICONATO DE CÁLCIO 10% (10ML),CARRO DE EMERGENCIA POSTO 03,4.000000000000000
"CLORPROMAZINA, CLORID. DE, 25MG/5ML",EMERGENCIA,9.000000000000000
"EPINEFRINA, HEMITART. DE, 1MG/ML (1ML)",EMERGENCIA,12.000000000000000
"BICARBONATO DE SÓDIO 8,4% 10ML",CARRO DE EMERGENCIA POSTO 03,12.000000000000000
DROPROPIZINA 3MG/ML (120ML),POSTO 1,1.000000000000000
OXIGENIO MEDICINAL CIL K,PRINCIPAL,12.000000000000000
"SOL. FISIOLOGICA 0,9% 100ML",POSTO 1,4.000000000000000
ANESTÉSICO OCULAR - PROXIMETACAINA 5MG/ML (5ML - 160GTS),SALA DE SUTURAS,79.000000000000000
"OXIMETAZOLINA, CLORID. DE, 0,50MG/ML (30ML - 600GTS)",BLOCO CIRURGICO,5.000000000000000
TROMETAMOL CETOROLACO 30MG/ML (1ML),POSTO 2,1.000000000000000
CAPTOPRIL 25MG,EMERGENCIA,6.000000000000000
"MAGNÉSIO, SULFATO DE, 10% (100MG/ML - 10ML)",PRINCIPAL,211.000000000000000
ENEMA GLICERINADO 12% (120MG/ML - 500ML),PRINCIPAL,63.000000000000000
PREDNISONA 20MG,PRINCIPAL,208.000000000000000
"METOCLOPRAMIDA, CLORID. DE, 5MG/ML (2ML)",MALETA DE TRANSPORTE 02,1.000000000000000
SULFAMETOXAZOL 800MG + TRIMETOPRIMA 160MG,PRINCIPAL,10.000000000000000
"SALBUTAMOL, 100MCG/DOSE (200 DOSES) - SPRAY",PRINCIPAL,2022.000000000000000
SOL. GLICOSADA 5% 500ML,EMERGENCIA,2.000000000000000
"ONDANSETRONA, CLORID. DE, 8MG (2MG/ML - 4ML)",EMERGENCIA,24.000000000000000
MEROPENÉM 1000MG,PRINCIPAL,42.000000000000000
ADENOSINA 3MG/ML (2ML),EMERGENCIA,2.000000000000000
SULFADIAZINA DE PRATA 1% (10MG/G - 30G),POSTO 3,1.000000000000000
"DEXAMETAXONA, FOSF. DISSÓD. DE, 10MG (4MG/ML - 2,5ML)",POSTO 2,1.000000000000000
CLOREXIDINA 2% 100ML DEGERMANTE,PRINCIPAL,6660.000000000000000
"ONDANSETRONA, CLORID. DE, 4MG (2MG/ML - 2ML)",EMERGENCIA,3.000000000000000
IBUPROFENO 100MG/ML (20ML - 200GTS),PRINCIPAL,4027.000000000000000
"TERBUTALINA, SULFATO DE, 0,5MG/ML (1ML)",BLOCO CIRURGICO,2.000000000000000
DIPIRONA SÓDICA 500MG,PRINCIPAL,97.000000000000000
"SERTRALINA, CLORID. DE, 50MG",PRINCIPAL,468.000000000000000
INSULINA HUMANA REGULAR 100UI/ML (10ML - 1000UI),PRINCIPAL,2.000000000000000
"BUPIVACAÍNA, CLORID. DE, 0,50% (5MG/ML - 4ML) + GLICOSE 8% (PESADA)",BLOCO CIRURGICO,76.000000000000000
BENZILPENICILINA BENZATINA 1.200.000UI IM,PRINCIPAL,97.000000000000000
"ROCURÔNIO, BROMETO DE, 10MG/ML (5ML)",PRINCIPAL,25.000000000000000
FUROSEMIDA 10MG/ML (2ML),BLOCO CIRURGICO,4.000000000000000
DIAZEPAN 10MG/2ML,PRINCIPAL,264.000000000000000
FLORATIL 100MG ,POSTO 1,61.000000000000000
"TRAMADOL, CLORID. DE, 50MG/ML (1ML)",CARRO DE EMERGENCIA POSTO 03,2.000000000000000
"ONDANSETRONA, CLORID. DE, 8MG",PRINCIPAL,186.000000000000000
"METARAMINOL, HEMITART. DE, 10MG/ML (1ML)",BLOCO CIRURGICO,15.000000000000000
CEFAZOLINA SÓDICA 1000MG,PRINCIPAL,156.000000000000000
"CEFEPIMA, CLORIDRATO DE, 1000MG",PRINCIPAL,74.000000000000000
BACLOFENO 10 MG CP,PRINCIPAL,60.000000000000000
"NOREPINEFRINA, HEMITART. DE, 2MG/ML (4ML)",BLOCO CIRURGICO,6.000000000000000
"ISOSSORBIDA, DINITRATO DE, 5MG (SL)",CARRO DE EMERGENCIA POSTO 02,2.000000000000000
SEVOFLURANO 100ML,PRINCIPAL,2050.200000000000000
PIPERACILINA 4G + TAZOBACTAN 500 MG (PIPETAZO),PRINCIPAL,2.000000000000000
"ISOSSORBIDA, DINITRATO DE, 5MG (SL)",CARRO DE EMERGENCIA POSTO 03,2.000000000000000
"FENTANILA, CITRATO DE, 0,05MG/ML (2ML)",CARRO DE EMERGENCIA POSTO 01,3.000000000000000
"DIPIRONA SÓDICA, 500MG/ML (2ML)",POSTO 1,24.000000000000000
"SOL. FISIOLÓGICA 0,9% 100ML COM GOTEJADOR",POSTO 2,1119.000000000000000
"SALBUTAMOL, 100MCG/DOSE (200 DOSES) - SPRAY",POSTO 3,5.000000000000000
"SUXAMETÔNIO, CLORETO DE, 100MG ",CARRO DE EMERGENCIA POSTO 03,1.000000000000000
"ONDANSETRONA, CLORID. DE, 8MG (2MG/ML - 4ML)",CARRO DE EMERGENCIA POSTO 03,3.000000000000000
"TERBUTALINA, SULFATO DE, 0,5MG/ML (1ML)",CARRO DE EMERGENCIA POSTO 03,1.000000000000000
"DEXCLORFENIRAMINA, MALEATO DE, 6MG",PRINCIPAL,134.000000000000000
"MAGNÉSIO, SULFATO DE, 10% (100MG/ML - 10ML)",EMERGENCIA,5.000000000000000
RINGER C/ LACTATO 1000ML,EMERGENCIA,37.000000000000000
AZITROMICINA 500MG CP,PRINCIPAL,457.000000000000000
"SOL. FISIOLOGICA 0,9% 250ML",CARRO DE EMERGENCIA POSTO 03,2.000000000000000
"DOPAMINA, CLORID. DE., 5MG/ML (10ML)",PRINCIPAL,154.000000000000000
"CLOREXIDINA 0,5% ALCOOLICA DE 1000ML",POSTO 2,1.000000000000000
AGUA PARA INJECAO 10ML,ENDOSCOPIA / COLONOSCOPIA,16.000000000000000
DROPROPIZINA 3MG/ML (120ML),POSTO 3,2.000000000000000
"DESLORATADINA 0,5/ML (60ML)",POSTO 1,120.000000000000000
CEFALEXINA 500MG,PRINCIPAL,61.000000000000000
"TERBUTALINA, SULFATO DE, 0,5MG/ML (1ML)",MALETA DE TRANSPORTE 01,2.000000000000000
"SOL. FISIOLOGICA 0,9% 250ML",CARRO DE EMERGENCIA POSTO 02,1.000000000000000
"IPRATRÓPIO, BROMETO DE, 0,250MG/ML (20ML - 400GTS)",POSTO 2,30.000000000000000
"CLORETO DE SODIO 0,9% (10ML) ",EMERGENCIA,181.000000000000000
"CLOREXIDINA 0,5% ALCOOLICA 100ML",PRINCIPAL,9622.700000000000000
"AMIODARONA, CLORIDRATO DE, 50MG/ML (3ML)",POSTO 3,4.000000000000000
GEL P/ ECG 250ML,EMERGENCIA,285.000000000000000
ALFAEPOETINA 10.000UI/ML (1ML) ,PRINCIPAL,10.000000000000000
MIDAZOLAM 1MG/ML (5ML),BLOCO CIRURGICO,64.000000000000000
OMEPRAZOL SÓDICO 40MG + DILUENTE,MALETA DE TRANSPORTE 01,1.000000000000000
"DEXTROCETAMINA, CLORID. DE, 50MG/ML (2ML)",BLOCO CIRURGICO,8.000000000000000
AGUA PARA INJECAO 10ML,CARRO DE EMERGENCIA POSTO 03,2.000000000000000
"ATROPINA, SULFATO DE, 0,25MG/ML (1ML)",CARRO DE EMERGENCIA POSTO 01,15.000000000000000
"CLOREXIDINA 0,5% ALCOOLICA 100ML",EMERGENCIA,187.000000000000000
"ONDANSETRONA, CLORID. DE, 8MG (2MG/ML - 4ML)",POSTO 2,1.000000000000000
"QUETIAPINA, HEMIFUM. DE, 25MG",PRINCIPAL,443.000000000000000
GLICOSE 50% (10ML),CARRO DE EMERGENCIA POSTO 02,2.000000000000000
ACIDO ACETILSALICILICO 100MG,EMERGENCIA,45.000000000000000
CLORETO DE SODIO 20% (10ML),PRINCIPAL,421.000000000000000
FLUORESCEÍNA SÓDICA 1% (3ML - 60GTS),PRINCIPAL,360.000000000000000
"FITOMENADIONA 10MG/ML (1ML), VITAMINA K",PRINCIPAL,126.000000000000000
FUROSEMIDA 10MG/ML (2ML),PRINCIPAL,965.000000000000000
"COLAGENASE 0,6U/G + CLORANFENICOL 0,01G/G (30G)",POSTO 3,30.000000000000000
"METOCLOPRAMIDA, CLORID. DE, 10MG",PRINCIPAL,169.000000000000000
ACEBROFILINA 10MG/ML (120ML),POSTO 1,242.000000000000000
"REMIFENTANILA, CLORID. DE, 2MG ",PRINCIPAL,26.000000000000000
"SALBUTAMOL, SULFATO DE, 5MG/ML (10ML - 200GTS)",POSTO 2,19.000000000000000
"DEXAMETAXONA, FOSF. DISSÓD. DE, 2MG (2MG/ML - 1ML)",BLOCO CIRURGICO,6.000000000000000
"COMPLEXO B, POLIVITAMÍNICO DE, (2ML)",PRINCIPAL,626.000000000000000
ACEBROFILINA 10MG/ML (120ML),POSTO 3,134.000000000000000
FENITOÍNA SÓDICA 5% (50MG/ML - 5ML),EMERGENCIA,5.000000000000000
AGUA PARA INJECAO 10ML,EMERGENCIA,215.000000000000000
SIMETICONA 75MG/ML (10ML - 300GTS),ENDOSCOPIA / COLONOSCOPIA,1517.000000000000000
"NOREPINEFRINA, HEMITART. DE, 2MG/ML (4ML)",PRINCIPAL,32.000000000000000
AGUA PARA INJECAO 10ML,POSTO 2,2.000000000000000
SOLUCAO DE THIERSCH DE 500ML,SALA DE SUTURAS,900.000000000000000
"SOL. FISIOLÓGICA 0,9% 100ML COM GOTEJADOR",EMERGENCIA,0.400000000000000
OXACILINA SÓDICA 500MG,PRINCIPAL,84.000000000000000
SOL. GLICOFISIOLOGICA 500ML,EMERGENCIA,3.000000000000000
"METOCLOPRAMIDA, CLORID. DE, 5MG/ML (2ML)",CARRO DE EMERGENCIA POSTO 02,2.000000000000000
"IPRATRÓPIO, BROMETO DE, 0,250MG/ML (20ML - 400GTS)",POSTO 1,402.000000000000000
"EPINEFRINA, HEMITART. DE, 1MG/ML (1ML)",MALETA DE TRANSPORTE 01,6.000000000000000
CAPTOPRIL 25MG,CARRO DE EMERGENCIA POSTO 01,6.000000000000000
"PREDNISOLONA, FOSF. SÓD. DE, 3MG/ML (100ML)",POSTO 3,101.000000000000000
SOLUCAO DE THIERSCH DE 500ML,PRINCIPAL,1098.000000000000000
"CLOREXIDINA 0,5% ALCOOLICA DE 1000ML",PRINCIPAL,19678.000000000000000
"SOL. FISIOLOGICA 0,9% 250ML",PRINCIPAL,221.250000000000000
LACTULOSE 667MG/ML (120ML),POSTO 2,852.000000000000000
"AMIODARONA, CLORIDRATO DE, 50MG/ML (3ML)",CARRO DE EMERGENCIA POSTO 02,4.000000000000000
CLOTRIMAZOL CREME 10MG/G (20G),PRINCIPAL,80.000000000000000
"ETILEFRINA, CLORID. DE, 10MG/ML (1ML)",CARRO DE EMERGENCIA POSTO 01,2.000000000000000
"MORFINA, SULFATO DE, 0,2MG/ML (1ML)",PRINCIPAL,66.000000000000000
"METOCLOPRAMIDA, CLORID. DE, 5MG/ML (2ML)",PRINCIPAL,343.000000000000000
"PREDNISOLONA, FOSF. SÓD. DE, 20MG",PRINCIPAL,494.000000000000000
ACETILCISTEÍNA 40MG/ML (120ML),PRINCIPAL,3367.000000000000000
FENOBARBITAL 100MG,PRINCIPAL,693.000000000000000
DRAMIN B6DL 10ML (EV),EMERGENCIA,3.000000000000000
"ETILEFRINA, CLORID. DE, 10MG/ML (1ML)",EMERGENCIA,2.000000000000000
MIDAZOLAM 1MG/ML (5ML),CARRO DE EMERGENCIA POSTO 03,2.000000000000000
PROPOFOL 1% (10MG/ML - 20ML),ENDOSCOPIA / COLONOSCOPIA,2.000000000000000
NIFEDIPINO 10MG,EMERGENCIA,5.000000000000000
RISPERIDONA 1MG ,PRINCIPAL,175.000000000000000
"REMIFENTANILA, CLORID. DE, 2MG ",BLOCO CIRURGICO,6.000000000000000
TROMETAMOL CETOROLACO 10MG,PRINCIPAL,166.000000000000000
"DEXAMETAXONA, FOSF. DISSÓD. DE, 10MG (4MG/ML - 2,5ML)",CARRO DE EMERGENCIA POSTO 01,2.000000000000000
AGUA OXIGENADA 10 VOL 1000ML,POSTO 2,100.000000000000000
HALOPERIDOL 5MG/ML (1ML),PRINCIPAL,111.000000000000000
"SALBUTAMOL, SULFATO DE, 5MG/ML (10ML - 200GTS)",POSTO 1,201.000000000000000
"HIDROCORTISONA, SUCCIN. SÓD. DE, 500MG",MALETA DE TRANSPORTE 01,1.000000000000000
HIDROXIDO DE ALUMINIO 6% (100ML),PRINCIPAL,3015.000000000000000
OMEPRAZOL 20MG,PRINCIPAL,349.000000000000000
"CLOREXIDINA 0,5% ALCOOLICA 100ML",POSTO 2,50.300000000000000
"TRAMADOL, CLORID. DE, 50MG/ML (1ML)",POSTO 1,1.000000000000000
PARACETAMOL 200MG/ML (20ML - 320GTS),POSTO 2,11.000000000000000
"TRAMADOL, CLORID. DE, 50MG/ML (1ML)",MALETA DE TRANSPORTE 02,2.000000000000000
"CLOREXIDINA 0,5% ALCOOLICA DE 1000ML",EMERGENCIA,100.000000000000000
ACIDO TRANEXAMICO 50MG/ML (5ML),EMERGENCIA,2.000000000000000
ADENOSINA 3MG/ML (2ML),PRINCIPAL,387.000000000000000
HALOPERIDOL 5MG/ML (1ML),CARRO DE EMERGENCIA POSTO 01,3.000000000000000
"FLUOXETINA, CLORID. DE, 20MG",PRINCIPAL,182.000000000000000
"DOPAMINA, CLORID. DE., 5MG/ML (10ML)",POSTO 3,5.000000000000000
AGUA PARA INJECAO 10ML,CARRO DE EMERGENCIA POSTO 02,10.000000000000000
"LIDOCAÍNA, CLORID. DE, 2% (20MG/G - 30G) GELÉIA",PRINCIPAL,1423.000000000000000
"ACIDO PERACÉTICO 0,2% 5000ML",PRINCIPAL,4.000000000000000
SINVASTATINA 20MG,PRINCIPAL,299.000000000000000
METRONIDAZOL 400MG ,PRINCIPAL,167.000000000000000
"EPINEFRINA, HEMITART. DE, 1MG/ML (1ML)",PRINCIPAL,354.000000000000000
"METOCLOPRAMIDA, CLORID. DE, 5MG/ML (2ML)",CARRO DE EMERGENCIA POSTO 03,5.000000000000000
ACICLOVIR 250MG EV,PRINCIPAL,550.000000000000000
"BICARBONATO DE SÓDIO 8,4% 10ML",CARRO DE EMERGENCIA POSTO 01,4.000000000000000
"CARVEDILOL 12,5MG",PRINCIPAL,124.000000000000000
IODOFOR AQUOSO 2% C/100ML,PRINCIPAL,899.000000000000000
"ESCOPOLAMINA, BUTILBROM. DE, 10MG/ML (20ML - 400GTS)",POSTO 1,400.000000000000000
"DEXTROCETAMINA, CLORID. DE, 50MG/ML (2ML)",PRINCIPAL,33.000000000000000
